frame,total_detections,per_class
1,1,{'person': 1}
2,1,{'person': 1}
3,1,{'person': 1}
4,1,{'person': 1}
5,1,{'person': 1}
6,1,{'person': 1}
7,2,{'person': 2}
8,1,{'person': 1}
9,1,{'person': 1}
10,1,{'person': 1}
11,2,"{'person': 1, 'chair': 1}"
12,2,"{'person': 1, 'chair': 1}"
13,2,"{'person': 1, 'chair': 1}"
14,2,"{'person': 1, 'chair': 1}"
15,2,"{'person': 1, 'chair': 1}"
16,2,"{'person': 1, 'chair': 1}"
17,1,{'person': 1}
18,0,{}
19,2,"{'person': 1, 'tie': 1}"
20,1,{'person': 1}
21,2,"{'vase': 1, 'person': 1}"
22,2,"{'person': 1, 'wine glass': 1}"
23,2,"{'person': 1, 'tie': 1}"
24,2,"{'person': 1, 'tie': 1}"
25,3,"{'person': 1, 'tie': 1, 'bed': 1}"
26,2,"{'tie': 1, 'person': 1}"
27,2,"{'person': 1, 'tie': 1}"
28,2,"{'person': 1, 'tie': 1}"
29,2,"{'person': 1, 'tie': 1}"
30,2,"{'tie': 1, 'person': 1}"
31,2,"{'person': 1, 'tie': 1}"
32,3,"{'tie': 1, 'person': 1, 'bed': 1}"
33,3,"{'tie': 1, 'person': 1, 'bed': 1}"
34,3,"{'tie': 1, 'person': 1, 'bed': 1}"
35,3,"{'tie': 1, 'person': 1, 'bed': 1}"
36,3,"{'tie': 1, 'person': 1, 'bed': 1}"
37,3,"{'tie': 1, 'person': 1, 'bed': 1}"
38,3,"{'tie': 1, 'person': 1, 'bed': 1}"
39,3,"{'tie': 1, 'person': 1, 'bed': 1}"
40,3,"{'tie': 1, 'person': 1, 'bed': 1}"
41,3,"{'person': 1, 'tie': 1, 'bed': 1}"
42,3,"{'tie': 1, 'person': 1, 'bed': 1}"
43,3,"{'tie': 1, 'person': 1, 'bed': 1}"
44,3,"{'tie': 1, 'person': 1, 'bed': 1}"
45,3,"{'tie': 1, 'person': 1, 'bed': 1}"
46,2,"{'tie': 1, 'person': 1}"
47,2,"{'tie': 1, 'person': 1}"
48,2,"{'tie': 1, 'person': 1}"
49,2,"{'tie': 1, 'person': 1}"
50,2,"{'tie': 1, 'person': 1}"
51,2,"{'tie': 1, 'person': 1}"
52,2,"{'tie': 1, 'person': 1}"
53,2,"{'tie': 1, 'person': 1}"
54,2,"{'tie': 1, 'person': 1}"
55,2,"{'tie': 1, 'person': 1}"
56,2,"{'tie': 1, 'person': 1}"
57,2,"{'tie': 1, 'person': 1}"
58,2,"{'tie': 1, 'person': 1}"
59,2,"{'tie': 1, 'person': 1}"
60,2,"{'tie': 1, 'person': 1}"
61,2,"{'tie': 1, 'person': 1}"
62,2,"{'tie': 1, 'person': 1}"
63,2,"{'tie': 1, 'person': 1}"
64,2,"{'tie': 1, 'person': 1}"
65,2,"{'tie': 1, 'person': 1}"
66,2,"{'tie': 1, 'person': 1}"
67,2,"{'tie': 1, 'person': 1}"
68,2,"{'tie': 1, 'person': 1}"
69,2,"{'tie': 1, 'person': 1}"
70,2,"{'tie': 1, 'person': 1}"
71,2,"{'tie': 1, 'person': 1}"
72,2,"{'tie': 1, 'person': 1}"
73,2,"{'tie': 1, 'person': 1}"
74,2,"{'tie': 1, 'person': 1}"
75,2,"{'tie': 1, 'person': 1}"
76,2,"{'tie': 1, 'person': 1}"
77,2,"{'tie': 1, 'person': 1}"
78,2,"{'tie': 1, 'person': 1}"
79,2,"{'tie': 1, 'person': 1}"
80,2,"{'tie': 1, 'person': 1}"
81,2,"{'tie': 1, 'person': 1}"
82,2,"{'tie': 1, 'person': 1}"
83,2,"{'tie': 1, 'person': 1}"
84,2,"{'tie': 1, 'person': 1}"
85,2,"{'tie': 1, 'person': 1}"
86,2,"{'tie': 1, 'person': 1}"
87,2,"{'tie': 1, 'person': 1}"
88,2,"{'tie': 1, 'person': 1}"
89,2,"{'tie': 1, 'person': 1}"
90,2,"{'tie': 1, 'person': 1}"
91,2,"{'tie': 1, 'person': 1}"
92,2,"{'tie': 1, 'person': 1}"
93,2,"{'tie': 1, 'person': 1}"
94,2,"{'tie': 1, 'person': 1}"
95,2,"{'tie': 1, 'person': 1}"
96,2,"{'tie': 1, 'person': 1}"
97,2,"{'tie': 1, 'person': 1}"
98,2,"{'tie': 1, 'person': 1}"
99,2,"{'tie': 1, 'person': 1}"
100,2,"{'tie': 1, 'person': 1}"
101,2,"{'tie': 1, 'person': 1}"
102,2,"{'tie': 1, 'person': 1}"
103,2,"{'tie': 1, 'person': 1}"
104,3,"{'tie': 1, 'person': 1, 'bed': 1}"
105,3,"{'tie': 1, 'person': 1, 'bed': 1}"
106,2,"{'tie': 1, 'person': 1}"
107,2,"{'tie': 1, 'person': 1}"
108,2,"{'tie': 1, 'person': 1}"
109,2,"{'tie': 1, 'person': 1}"
110,2,"{'tie': 1, 'person': 1}"
111,2,"{'tie': 1, 'person': 1}"
112,2,"{'tie': 1, 'person': 1}"
113,2,"{'tie': 1, 'person': 1}"
114,2,"{'tie': 1, 'person': 1}"
115,2,"{'tie': 1, 'person': 1}"
116,2,"{'tie': 1, 'person': 1}"
117,2,"{'tie': 1, 'person': 1}"
118,2,"{'tie': 1, 'person': 1}"
119,2,"{'tie': 1, 'person': 1}"
120,2,"{'tie': 1, 'person': 1}"
121,2,"{'tie': 1, 'person': 1}"
122,2,"{'tie': 1, 'person': 1}"
123,2,"{'tie': 1, 'person': 1}"
124,2,"{'tie': 1, 'person': 1}"
125,2,"{'tie': 1, 'person': 1}"
126,2,"{'tie': 1, 'person': 1}"
127,2,"{'tie': 1, 'person': 1}"
128,2,"{'tie': 1, 'person': 1}"
129,2,"{'tie': 1, 'person': 1}"
130,2,"{'tie': 1, 'person': 1}"
131,2,"{'tie': 1, 'person': 1}"
132,2,"{'tie': 1, 'person': 1}"
133,2,"{'tie': 1, 'person': 1}"
134,2,"{'tie': 1, 'person': 1}"
135,2,"{'tie': 1, 'person': 1}"
136,2,"{'tie': 1, 'person': 1}"
137,2,"{'tie': 1, 'person': 1}"
138,2,"{'tie': 1, 'person': 1}"
139,2,"{'tie': 1, 'person': 1}"
140,2,"{'tie': 1, 'person': 1}"
141,2,"{'tie': 1, 'person': 1}"
142,2,"{'tie': 1, 'person': 1}"
143,2,"{'tie': 1, 'person': 1}"
144,2,"{'tie': 1, 'person': 1}"
145,2,"{'tie': 1, 'person': 1}"
146,2,"{'tie': 1, 'person': 1}"
147,2,"{'tie': 1, 'person': 1}"
148,2,"{'tie': 1, 'person': 1}"
149,2,"{'tie': 1, 'person': 1}"
150,2,"{'tie': 1, 'person': 1}"
151,2,"{'tie': 1, 'person': 1}"
152,2,"{'tie': 1, 'person': 1}"
153,2,"{'tie': 1, 'person': 1}"
154,2,"{'tie': 1, 'person': 1}"
155,2,"{'tie': 1, 'person': 1}"
156,2,"{'tie': 1, 'person': 1}"
157,2,"{'tie': 1, 'person': 1}"
158,2,"{'tie': 1, 'person': 1}"
159,2,"{'tie': 1, 'person': 1}"
160,2,"{'tie': 1, 'person': 1}"
161,2,"{'tie': 1, 'person': 1}"
162,2,"{'tie': 1, 'person': 1}"
163,2,"{'tie': 1, 'person': 1}"
164,2,"{'tie': 1, 'person': 1}"
165,3,"{'tie': 1, 'person': 1, 'bed': 1}"
166,2,"{'tie': 1, 'person': 1}"
167,2,"{'tie': 1, 'person': 1}"
168,2,"{'tie': 1, 'person': 1}"
169,2,"{'tie': 1, 'person': 1}"
170,2,"{'tie': 1, 'person': 1}"
171,2,"{'tie': 1, 'person': 1}"
172,2,"{'tie': 1, 'person': 1}"
173,2,"{'person': 1, 'tie': 1}"
174,2,"{'person': 1, 'tie': 1}"
175,2,"{'tie': 1, 'person': 1}"
176,2,"{'person': 1, 'tie': 1}"
177,2,"{'tie': 1, 'person': 1}"
178,2,"{'tie': 1, 'person': 1}"
179,2,"{'person': 1, 'tie': 1}"
180,2,"{'tie': 1, 'person': 1}"
181,2,"{'tie': 1, 'person': 1}"
182,2,"{'tie': 1, 'person': 1}"
183,2,"{'tie': 1, 'person': 1}"
184,2,"{'tie': 1, 'person': 1}"
185,2,"{'tie': 1, 'person': 1}"
186,2,"{'tie': 1, 'person': 1}"
187,2,"{'tie': 1, 'person': 1}"
188,2,"{'tie': 1, 'person': 1}"
189,2,"{'tie': 1, 'person': 1}"
190,2,"{'tie': 1, 'person': 1}"
191,2,"{'tie': 1, 'person': 1}"
192,2,"{'tie': 1, 'person': 1}"
193,2,"{'tie': 1, 'person': 1}"
194,2,"{'tie': 1, 'person': 1}"
195,2,"{'tie': 1, 'person': 1}"
196,2,"{'tie': 1, 'person': 1}"
197,2,"{'tie': 1, 'person': 1}"
198,2,"{'tie': 1, 'person': 1}"
199,2,"{'tie': 1, 'person': 1}"
200,2,"{'tie': 1, 'person': 1}"
201,2,"{'person': 1, 'tie': 1}"
202,2,"{'tie': 1, 'person': 1}"
203,2,"{'tie': 1, 'person': 1}"
204,2,"{'person': 1, 'tie': 1}"
205,2,"{'tie': 1, 'person': 1}"
206,2,"{'tie': 1, 'person': 1}"
207,2,"{'tie': 1, 'person': 1}"
208,2,"{'tie': 1, 'person': 1}"
209,2,"{'tie': 1, 'person': 1}"
210,2,"{'person': 1, 'tie': 1}"
211,2,"{'tie': 1, 'person': 1}"
212,2,"{'person': 1, 'tie': 1}"
213,2,"{'person': 1, 'tie': 1}"
214,2,"{'tie': 1, 'person': 1}"
215,2,"{'tie': 1, 'person': 1}"
216,2,"{'tie': 1, 'person': 1}"
217,2,"{'tie': 1, 'person': 1}"
218,2,"{'tie': 1, 'person': 1}"
219,2,"{'tie': 1, 'person': 1}"
220,2,"{'tie': 1, 'person': 1}"
221,2,"{'tie': 1, 'person': 1}"
222,2,"{'tie': 1, 'person': 1}"
223,2,"{'tie': 1, 'person': 1}"
224,2,"{'tie': 1, 'person': 1}"
225,2,"{'tie': 1, 'person': 1}"
226,2,"{'tie': 1, 'person': 1}"
227,2,"{'tie': 1, 'person': 1}"
228,2,"{'tie': 1, 'person': 1}"
229,2,"{'tie': 1, 'person': 1}"
230,2,"{'tie': 1, 'person': 1}"
231,2,"{'tie': 1, 'person': 1}"
232,2,"{'tie': 1, 'person': 1}"
233,2,"{'tie': 1, 'person': 1}"
234,2,"{'tie': 1, 'person': 1}"
235,2,"{'tie': 1, 'person': 1}"
236,2,"{'person': 1, 'tie': 1}"
237,2,"{'person': 1, 'tie': 1}"
238,2,"{'tie': 1, 'person': 1}"
239,2,"{'person': 1, 'tie': 1}"
240,2,"{'person': 1, 'tie': 1}"
241,2,"{'person': 1, 'tie': 1}"
242,2,"{'person': 1, 'tie': 1}"
243,2,"{'person': 1, 'tie': 1}"
244,2,"{'tie': 1, 'person': 1}"
245,2,"{'tie': 1, 'person': 1}"
246,2,"{'person': 1, 'tie': 1}"
247,2,"{'tie': 1, 'person': 1}"
248,2,"{'tie': 1, 'person': 1}"
249,2,"{'tie': 1, 'person': 1}"
250,2,"{'tie': 1, 'person': 1}"
251,2,"{'tie': 1, 'person': 1}"
252,2,"{'tie': 1, 'person': 1}"
253,2,"{'tie': 1, 'person': 1}"
254,2,"{'tie': 1, 'person': 1}"
255,2,"{'tie': 1, 'person': 1}"
256,2,"{'tie': 1, 'person': 1}"
257,2,"{'tie': 1, 'person': 1}"
258,2,"{'tie': 1, 'person': 1}"
259,2,"{'tie': 1, 'person': 1}"
260,2,"{'tie': 1, 'person': 1}"
261,2,"{'tie': 1, 'person': 1}"
262,2,"{'tie': 1, 'person': 1}"
263,2,"{'tie': 1, 'person': 1}"
264,2,"{'tie': 1, 'person': 1}"
265,2,"{'tie': 1, 'person': 1}"
266,3,"{'tie': 1, 'person': 1, 'bed': 1}"
267,2,"{'tie': 1, 'person': 1}"
268,2,"{'tie': 1, 'person': 1}"
269,2,"{'tie': 1, 'person': 1}"
270,2,"{'person': 1, 'tie': 1}"
271,2,"{'tie': 1, 'person': 1}"
272,2,"{'tie': 1, 'person': 1}"
273,2,"{'person': 1, 'tie': 1}"
274,2,"{'tie': 1, 'person': 1}"
275,2,"{'tie': 1, 'person': 1}"
276,2,"{'tie': 1, 'person': 1}"
277,2,"{'tie': 1, 'person': 1}"
278,2,"{'tie': 1, 'person': 1}"
279,2,"{'tie': 1, 'person': 1}"
280,2,"{'tie': 1, 'person': 1}"
281,2,"{'tie': 1, 'person': 1}"
282,2,"{'tie': 1, 'person': 1}"
283,2,"{'tie': 1, 'person': 1}"
284,2,"{'tie': 1, 'person': 1}"
285,2,"{'tie': 1, 'person': 1}"
286,2,"{'tie': 1, 'person': 1}"
287,2,"{'tie': 1, 'person': 1}"
288,2,"{'tie': 1, 'person': 1}"
289,2,"{'tie': 1, 'person': 1}"
290,2,"{'tie': 1, 'person': 1}"
291,2,"{'tie': 1, 'person': 1}"
292,2,"{'tie': 1, 'person': 1}"
293,2,"{'tie': 1, 'person': 1}"
294,2,"{'tie': 1, 'person': 1}"
295,2,"{'tie': 1, 'person': 1}"
296,2,"{'tie': 1, 'person': 1}"
297,2,"{'tie': 1, 'person': 1}"
298,2,"{'tie': 1, 'person': 1}"
299,2,"{'tie': 1, 'person': 1}"
300,2,"{'tie': 1, 'person': 1}"
301,2,"{'tie': 1, 'person': 1}"
302,2,"{'person': 1, 'tie': 1}"
303,2,"{'tie': 1, 'person': 1}"
304,2,"{'tie': 1, 'person': 1}"
305,2,"{'tie': 1, 'person': 1}"
306,2,"{'tie': 1, 'person': 1}"
307,2,"{'tie': 1, 'person': 1}"
308,2,"{'tie': 1, 'person': 1}"
309,2,"{'person': 1, 'tie': 1}"
310,2,"{'tie': 1, 'person': 1}"
311,2,"{'tie': 1, 'person': 1}"
312,2,"{'tie': 1, 'person': 1}"
313,2,"{'tie': 1, 'person': 1}"
314,2,"{'tie': 1, 'person': 1}"
315,2,"{'tie': 1, 'person': 1}"
316,2,"{'tie': 1, 'person': 1}"
317,2,"{'tie': 1, 'person': 1}"
318,2,"{'tie': 1, 'person': 1}"
319,2,"{'tie': 1, 'person': 1}"
320,2,"{'tie': 1, 'person': 1}"
321,2,"{'tie': 1, 'person': 1}"
322,2,"{'tie': 1, 'person': 1}"
323,2,"{'tie': 1, 'person': 1}"
324,2,"{'tie': 1, 'person': 1}"
325,2,"{'tie': 1, 'person': 1}"
326,2,"{'tie': 1, 'person': 1}"
327,2,"{'tie': 1, 'person': 1}"
328,2,"{'tie': 1, 'person': 1}"
329,2,"{'tie': 1, 'person': 1}"
330,2,"{'tie': 1, 'person': 1}"
331,2,"{'tie': 1, 'person': 1}"
332,2,"{'tie': 1, 'person': 1}"
333,2,"{'tie': 1, 'person': 1}"
334,0,{}
335,2,"{'person': 1, 'tie': 1}"
336,2,"{'tie': 1, 'person': 1}"
337,2,"{'tie': 1, 'person': 1}"
338,2,"{'tie': 1, 'person': 1}"
339,2,"{'tie': 1, 'person': 1}"
340,2,"{'tie': 1, 'person': 1}"
341,2,"{'tie': 1, 'person': 1}"
342,2,"{'tie': 1, 'person': 1}"
343,2,"{'tie': 1, 'person': 1}"
344,2,"{'tie': 1, 'person': 1}"
345,2,"{'person': 1, 'tie': 1}"
346,2,"{'tie': 1, 'person': 1}"
347,2,"{'tie': 1, 'person': 1}"
348,2,"{'tie': 1, 'person': 1}"
349,2,"{'tie': 1, 'person': 1}"
350,2,"{'tie': 1, 'person': 1}"
351,2,"{'tie': 1, 'person': 1}"
352,2,"{'tie': 1, 'person': 1}"
353,2,"{'tie': 1, 'person': 1}"
354,2,"{'tie': 1, 'person': 1}"
355,2,"{'tie': 1, 'person': 1}"
356,2,"{'tie': 1, 'person': 1}"
357,2,"{'person': 1, 'tie': 1}"
358,2,"{'person': 1, 'tie': 1}"
359,2,"{'tie': 1, 'person': 1}"
360,2,"{'tie': 1, 'person': 1}"
361,2,"{'person': 1, 'tie': 1}"
362,2,"{'tie': 1, 'person': 1}"
363,2,"{'tie': 1, 'person': 1}"
364,2,"{'tie': 1, 'person': 1}"
365,2,"{'tie': 1, 'person': 1}"
366,2,"{'tie': 1, 'person': 1}"
367,2,"{'tie': 1, 'person': 1}"
368,2,"{'tie': 1, 'person': 1}"
369,2,"{'tie': 1, 'person': 1}"
370,2,"{'tie': 1, 'person': 1}"
371,2,"{'tie': 1, 'person': 1}"
372,2,"{'tie': 1, 'person': 1}"
373,2,"{'tie': 1, 'person': 1}"
374,2,"{'tie': 1, 'person': 1}"
375,2,"{'tie': 1, 'person': 1}"
376,2,"{'tie': 1, 'person': 1}"
377,2,"{'tie': 1, 'person': 1}"
378,2,"{'tie': 1, 'person': 1}"
379,2,"{'tie': 1, 'person': 1}"
380,2,"{'tie': 1, 'person': 1}"
381,2,"{'tie': 1, 'person': 1}"
382,2,"{'tie': 1, 'person': 1}"
383,2,"{'tie': 1, 'person': 1}"
384,2,"{'tie': 1, 'person': 1}"
385,2,"{'tie': 1, 'person': 1}"
386,2,"{'tie': 1, 'person': 1}"
387,2,"{'tie': 1, 'person': 1}"
388,2,"{'tie': 1, 'person': 1}"
389,2,"{'tie': 1, 'person': 1}"
390,2,"{'tie': 1, 'person': 1}"
391,2,"{'tie': 1, 'person': 1}"
392,2,"{'tie': 1, 'person': 1}"
393,2,"{'tie': 1, 'person': 1}"
394,2,"{'tie': 1, 'person': 1}"
395,2,"{'tie': 1, 'person': 1}"
396,2,"{'tie': 1, 'person': 1}"
397,2,"{'tie': 1, 'person': 1}"
398,2,"{'tie': 1, 'person': 1}"
399,2,"{'tie': 1, 'person': 1}"
400,2,"{'tie': 1, 'person': 1}"
401,2,"{'tie': 1, 'person': 1}"
402,2,"{'tie': 1, 'person': 1}"
403,2,"{'tie': 1, 'person': 1}"
404,2,"{'tie': 1, 'person': 1}"
405,2,"{'tie': 1, 'person': 1}"
406,2,"{'tie': 1, 'person': 1}"
407,2,"{'tie': 1, 'person': 1}"
408,2,"{'tie': 1, 'person': 1}"
409,2,"{'tie': 1, 'person': 1}"
410,2,"{'tie': 1, 'person': 1}"
411,2,"{'tie': 1, 'person': 1}"
412,2,"{'tie': 1, 'person': 1}"
413,2,"{'tie': 1, 'person': 1}"
414,2,"{'tie': 1, 'person': 1}"
415,2,"{'tie': 1, 'person': 1}"
416,2,"{'tie': 1, 'person': 1}"
417,2,"{'tie': 1, 'person': 1}"
418,2,"{'tie': 1, 'person': 1}"
419,2,"{'tie': 1, 'person': 1}"
420,2,"{'tie': 1, 'person': 1}"
421,2,"{'tie': 1, 'person': 1}"
422,2,"{'tie': 1, 'person': 1}"
423,2,"{'tie': 1, 'person': 1}"
424,2,"{'tie': 1, 'person': 1}"
425,2,"{'tie': 1, 'person': 1}"
426,2,"{'tie': 1, 'person': 1}"
427,2,"{'tie': 1, 'person': 1}"
428,2,"{'tie': 1, 'person': 1}"
429,2,"{'tie': 1, 'person': 1}"
430,2,"{'tie': 1, 'person': 1}"
431,2,"{'tie': 1, 'person': 1}"
432,2,"{'tie': 1, 'person': 1}"
433,2,"{'tie': 1, 'person': 1}"
434,2,"{'tie': 1, 'person': 1}"
435,2,"{'person': 1, 'tie': 1}"
436,2,"{'tie': 1, 'person': 1}"
437,2,"{'tie': 1, 'person': 1}"
438,2,"{'tie': 1, 'person': 1}"
439,2,"{'tie': 1, 'person': 1}"
440,2,"{'tie': 1, 'person': 1}"
441,2,"{'tie': 1, 'person': 1}"
442,2,"{'tie': 1, 'person': 1}"
443,2,"{'tie': 1, 'person': 1}"
444,2,"{'tie': 1, 'person': 1}"
445,2,"{'tie': 1, 'person': 1}"
446,2,"{'tie': 1, 'person': 1}"
447,2,"{'tie': 1, 'person': 1}"
448,2,"{'tie': 1, 'person': 1}"
449,2,"{'tie': 1, 'person': 1}"
450,2,"{'tie': 1, 'person': 1}"
451,2,"{'tie': 1, 'person': 1}"
452,2,"{'tie': 1, 'person': 1}"
453,2,"{'tie': 1, 'person': 1}"
454,2,"{'tie': 1, 'person': 1}"
455,2,"{'tie': 1, 'person': 1}"
456,2,"{'tie': 1, 'person': 1}"
457,2,"{'tie': 1, 'person': 1}"
458,2,"{'tie': 1, 'person': 1}"
459,2,"{'tie': 1, 'person': 1}"
460,2,"{'person': 1, 'tie': 1}"
461,2,"{'tie': 1, 'person': 1}"
462,2,"{'tie': 1, 'person': 1}"
463,2,"{'person': 1, 'tie': 1}"
464,2,"{'tie': 1, 'person': 1}"
465,2,"{'person': 1, 'tie': 1}"
466,2,"{'tie': 1, 'person': 1}"
467,2,"{'tie': 1, 'person': 1}"
468,2,"{'tie': 1, 'person': 1}"
469,2,"{'person': 1, 'tie': 1}"
470,2,"{'tie': 1, 'person': 1}"
471,2,"{'tie': 1, 'person': 1}"
472,2,"{'tie': 1, 'person': 1}"
473,2,"{'tie': 1, 'person': 1}"
474,2,"{'tie': 1, 'person': 1}"
475,2,"{'tie': 1, 'person': 1}"
476,2,"{'tie': 1, 'person': 1}"
477,2,"{'tie': 1, 'person': 1}"
478,2,"{'tie': 1, 'person': 1}"
479,2,"{'tie': 1, 'person': 1}"
480,2,"{'tie': 1, 'person': 1}"
481,2,"{'tie': 1, 'person': 1}"
482,2,"{'tie': 1, 'person': 1}"
483,2,"{'tie': 1, 'person': 1}"
484,2,"{'tie': 1, 'person': 1}"
485,2,"{'tie': 1, 'person': 1}"
486,2,"{'tie': 1, 'person': 1}"
487,2,"{'tie': 1, 'person': 1}"
488,2,"{'tie': 1, 'person': 1}"
489,2,"{'tie': 1, 'person': 1}"
490,2,"{'tie': 1, 'person': 1}"
491,2,"{'tie': 1, 'person': 1}"
492,2,"{'tie': 1, 'person': 1}"
493,2,"{'tie': 1, 'person': 1}"
494,2,"{'tie': 1, 'person': 1}"
495,2,"{'tie': 1, 'person': 1}"
496,2,"{'tie': 1, 'person': 1}"
497,2,"{'tie': 1, 'person': 1}"
498,2,"{'tie': 1, 'person': 1}"
499,2,"{'tie': 1, 'person': 1}"
500,2,"{'tie': 1, 'person': 1}"
501,2,"{'tie': 1, 'person': 1}"
502,2,"{'tie': 1, 'person': 1}"
503,2,"{'tie': 1, 'person': 1}"
504,2,"{'tie': 1, 'person': 1}"
505,2,"{'tie': 1, 'person': 1}"
506,2,"{'tie': 1, 'person': 1}"
507,2,"{'tie': 1, 'person': 1}"
508,2,"{'tie': 1, 'person': 1}"
509,2,"{'tie': 1, 'person': 1}"
510,2,"{'tie': 1, 'person': 1}"
511,2,"{'tie': 1, 'person': 1}"
512,2,"{'tie': 1, 'person': 1}"
513,2,"{'tie': 1, 'person': 1}"
514,2,"{'tie': 1, 'person': 1}"
515,2,"{'tie': 1, 'person': 1}"
516,2,"{'tie': 1, 'person': 1}"
517,2,"{'tie': 1, 'person': 1}"
518,2,"{'tie': 1, 'person': 1}"
519,2,"{'tie': 1, 'person': 1}"
520,2,"{'tie': 1, 'person': 1}"
521,2,"{'tie': 1, 'person': 1}"
522,2,"{'tie': 1, 'person': 1}"
523,2,"{'tie': 1, 'person': 1}"
524,2,"{'tie': 1, 'person': 1}"
525,2,"{'tie': 1, 'person': 1}"
526,2,"{'tie': 1, 'person': 1}"
527,2,"{'tie': 1, 'person': 1}"
528,2,"{'tie': 1, 'person': 1}"
529,2,"{'tie': 1, 'person': 1}"
530,2,"{'tie': 1, 'person': 1}"
531,2,"{'tie': 1, 'person': 1}"
532,2,"{'tie': 1, 'person': 1}"
533,2,"{'tie': 1, 'person': 1}"
534,2,"{'tie': 1, 'person': 1}"
535,2,"{'tie': 1, 'person': 1}"
536,2,"{'tie': 1, 'person': 1}"
537,2,"{'tie': 1, 'person': 1}"
538,2,"{'tie': 1, 'person': 1}"
539,2,"{'tie': 1, 'person': 1}"
540,2,"{'tie': 1, 'person': 1}"
541,2,"{'tie': 1, 'person': 1}"
542,2,"{'tie': 1, 'person': 1}"
543,2,"{'tie': 1, 'person': 1}"
544,2,"{'tie': 1, 'person': 1}"
545,2,"{'tie': 1, 'person': 1}"
546,2,"{'tie': 1, 'person': 1}"
547,2,"{'tie': 1, 'person': 1}"
548,2,"{'tie': 1, 'person': 1}"
549,2,"{'tie': 1, 'person': 1}"
550,2,"{'tie': 1, 'person': 1}"
551,2,"{'tie': 1, 'person': 1}"
552,2,"{'tie': 1, 'person': 1}"
553,2,"{'tie': 1, 'person': 1}"
554,2,"{'tie': 1, 'person': 1}"
555,2,"{'tie': 1, 'person': 1}"
556,2,"{'tie': 1, 'person': 1}"
557,2,"{'tie': 1, 'person': 1}"
558,2,"{'tie': 1, 'person': 1}"
559,2,"{'tie': 1, 'person': 1}"
560,2,"{'tie': 1, 'person': 1}"
561,2,"{'tie': 1, 'person': 1}"
562,2,"{'tie': 1, 'person': 1}"
563,2,"{'tie': 1, 'person': 1}"
564,2,"{'tie': 1, 'person': 1}"
565,2,"{'tie': 1, 'person': 1}"
566,2,"{'tie': 1, 'person': 1}"
567,2,"{'tie': 1, 'person': 1}"
568,2,"{'tie': 1, 'person': 1}"
569,2,"{'tie': 1, 'person': 1}"
570,2,"{'tie': 1, 'person': 1}"
571,2,"{'tie': 1, 'person': 1}"
572,2,"{'tie': 1, 'person': 1}"
573,2,"{'tie': 1, 'person': 1}"
574,2,"{'tie': 1, 'person': 1}"
575,2,"{'tie': 1, 'person': 1}"
576,2,"{'tie': 1, 'person': 1}"
577,2,"{'tie': 1, 'person': 1}"
578,2,"{'tie': 1, 'person': 1}"
579,2,"{'tie': 1, 'person': 1}"
580,2,"{'tie': 1, 'person': 1}"
581,2,"{'tie': 1, 'person': 1}"
582,2,"{'tie': 1, 'person': 1}"
583,2,"{'tie': 1, 'person': 1}"
584,2,"{'tie': 1, 'person': 1}"
585,2,"{'tie': 1, 'person': 1}"
586,2,"{'tie': 1, 'person': 1}"
587,2,"{'tie': 1, 'person': 1}"
588,2,"{'tie': 1, 'person': 1}"
589,2,"{'tie': 1, 'person': 1}"
590,2,"{'tie': 1, 'person': 1}"
591,2,"{'tie': 1, 'person': 1}"
592,2,"{'tie': 1, 'person': 1}"
593,2,"{'tie': 1, 'person': 1}"
594,2,"{'tie': 1, 'person': 1}"
595,2,"{'tie': 1, 'person': 1}"
596,2,"{'person': 1, 'tie': 1}"
597,2,"{'person': 1, 'tie': 1}"
598,2,"{'tie': 1, 'person': 1}"
599,2,"{'tie': 1, 'person': 1}"
600,2,"{'person': 1, 'tie': 1}"
601,2,"{'tie': 1, 'person': 1}"
602,2,"{'tie': 1, 'person': 1}"
603,2,"{'tie': 1, 'person': 1}"
604,2,"{'tie': 1, 'person': 1}"
605,2,"{'tie': 1, 'person': 1}"
606,2,"{'tie': 1, 'person': 1}"
607,2,"{'tie': 1, 'person': 1}"
608,2,"{'tie': 1, 'person': 1}"
609,2,"{'tie': 1, 'person': 1}"
610,2,"{'person': 1, 'tie': 1}"
611,2,"{'tie': 1, 'person': 1}"
612,2,"{'tie': 1, 'person': 1}"
613,2,"{'tie': 1, 'person': 1}"
614,2,"{'tie': 1, 'person': 1}"
615,2,"{'tie': 1, 'person': 1}"
616,2,"{'tie': 1, 'person': 1}"
617,2,"{'tie': 1, 'person': 1}"
618,2,"{'tie': 1, 'person': 1}"
619,2,"{'tie': 1, 'person': 1}"
620,2,"{'person': 1, 'tie': 1}"
621,2,"{'tie': 1, 'person': 1}"
622,2,"{'tie': 1, 'person': 1}"
623,2,"{'tie': 1, 'person': 1}"
624,2,"{'tie': 1, 'person': 1}"
625,2,"{'person': 1, 'tie': 1}"
626,2,"{'person': 1, 'tie': 1}"
627,2,"{'person': 1, 'tie': 1}"
628,2,"{'person': 1, 'tie': 1}"
629,2,"{'tie': 1, 'person': 1}"
630,2,"{'tie': 1, 'person': 1}"
631,2,"{'person': 1, 'tie': 1}"
632,2,"{'tie': 1, 'person': 1}"
633,2,"{'person': 1, 'tie': 1}"
634,2,"{'person': 1, 'tie': 1}"
635,2,"{'person': 1, 'tie': 1}"
636,2,"{'person': 1, 'tie': 1}"
637,2,"{'tie': 1, 'person': 1}"
638,2,"{'tie': 1, 'person': 1}"
639,2,"{'tie': 1, 'person': 1}"
640,2,"{'person': 1, 'tie': 1}"
641,2,"{'tie': 1, 'person': 1}"
642,2,"{'tie': 1, 'person': 1}"
643,2,"{'tie': 1, 'person': 1}"
644,2,"{'tie': 1, 'person': 1}"
645,2,"{'tie': 1, 'person': 1}"
646,2,"{'tie': 1, 'person': 1}"
647,2,"{'tie': 1, 'person': 1}"
648,2,"{'tie': 1, 'person': 1}"
649,2,"{'tie': 1, 'person': 1}"
650,2,"{'tie': 1, 'person': 1}"
